Cash,Cps,Cps Cost,Cm,Cm Cost,Cv,Cv_Cost,Last Online,Luck,Username,Password
0.0,0.0,10,1,100,1,100,1758554640.8423996,1,DEVELOPER,devpassword
86715285.03824782,5842.0,10,15,1638400,7,100000000,1758553053.7961807,64,BananaMan,Banana
50552225.17500639,6379.0,10,13,409600,8,1000000000,1758556030.3920841,128,NoBananaMan,NOBANANAS
